{
    "Kendrick Lamar - untitled 04 | 08.14.2014.": {
        "Danceability": 0.0732,
        "Energy": 0.028,
        "Mode": 0,
        "Speechiness": 0.1293,
        "Acousticness": 0.6132,
        "Liveness": 0.0073,
        "Valence": 1.285171366494502e-10,
        "Tempo": 107.666015625,
        "Duration": 110066.66666666666,
        "Time Signature": 4
    },
    "SZA - No More Hiding": {
        "Danceability": 0.0595,
        "Energy": 0.1552,
        "Mode": 0,
        "Speechiness": 0.0478,
        "Acousticness": 0.7381,
        "Liveness": 0.0194,
        "Valence": 2.3870323355241693e-11,
        "Tempo": 107.666015625,
        "Duration": 162748.6666666667,
        "Time Signature": 4
    },
    "SZA - Nobody Gets Me": {
        "Danceability": 0.0254,
        "Energy": 0.0937,
        "Mode": 0,
        "Speechiness": 0.0645,
        "Acousticness": 0.6998,
        "Liveness": 0.0152,
        "Valence": 2.401155003385303e-11,
        "Tempo": 99.38401442307692,
        "Duration": 182381.14583333334,
        "Time Signature": 4
    },
    "Kendrick Lamar - luther (with sza)": {
        "Danceability": 0.0367,
        "Energy": 0.1784,
        "Mode": 0,
        "Speechiness": 0.0471,
        "Acousticness": 0.7945,
        "Liveness": 0.0193,
        "Valence": 4.4284809852404844e-11,
        "Tempo": 135.99917763157896,
        "Duration": 177597.83333333334,
        "Time Signature": 4
    },
    "Kendrick Lamar - N95": {
        "Danceability": 0.0343,
        "Energy": 0.1219,
        "Mode": 0,
        "Speechiness": 0.1297,
        "Acousticness": 0.6258,
        "Liveness": 0.0302,
        "Valence": 4.2108625054334895e-11,
        "Tempo": 135.99917763157896,
        "Duration": 195953.2083333333,
        "Time Signature": 4
    },
    "Baby Keem - family ties (with Kendrick Lamar)": {
        "Danceability": 0.0345,
        "Energy": 0.1484,
        "Mode": 0,
        "Speechiness": 0.1479,
        "Acousticness": 0.7463,
        "Liveness": 0.0348,
        "Valence": 4.328685347485271e-11,
        "Tempo": 117.45383522727273,
        "Duration": 259099.875,
        "Time Signature": 4
    },
    "SZA - Doves In The Wind (feat. Kendrick Lamar)": {
        "Danceability": 0.0423,
        "Energy": 0.2508,
        "Mode": 0,
        "Speechiness": 0.0546,
        "Acousticness": 0.7037,
        "Liveness": 0.0299,
        "Valence": 7.183075498044303e-10,
        "Tempo": 135.99917763157896,
        "Duration": 267626.6666666667,
        "Time Signature": 4
    },
    "SZA - The Weekend": {
        "Danceability": 0.0499,
        "Energy": 0.0381,
        "Mode": 0,
        "Speechiness": 0.0667,
        "Acousticness": 0.7385,
        "Liveness": 0.0065,
        "Valence": 1.6654924893812548e-11,
        "Tempo": 117.45383522727273,
        "Duration": 273798.1041666667,
        "Time Signature": 4
    },
    "Kendrick Lamar - m.A.A.d city": {
        "Danceability": 0.0338,
        "Energy": 0.2424,
        "Mode": 0,
        "Speechiness": 0.1125,
        "Acousticness": 0.5489,
        "Liveness": 0.0557,
        "Valence": 1.759257620129754e-10,
        "Tempo": 151.99908088235293,
        "Duration": 350120.0,
        "Time Signature": 4
    },
    "Kendrick Lamar - meet the grahams": {
        "Danceability": 0.048,
        "Energy": 0.2322,
        "Mode": 1,
        "Speechiness": 0.0606,
        "Acousticness": 0.7371,
        "Liveness": 0.0285,
        "Valence": 9.680277576201226e-11,
        "Tempo": 143.5546875,
        "Duration": 391976.0625,
        "Time Signature": 4
    },
    "Shaggy - It Wasn't Me": {
        "Danceability": 0.0367,
        "Energy": 0.1076,
        "Mode": 0,
        "Speechiness": 0.127,
        "Acousticness": 0.5909,
        "Liveness": 0.0303,
        "Valence": 5.220178330658656e-11,
        "Tempo": 95.703125,
        "Duration": 227102.7708333333,
        "Time Signature": 4
    },
    "SZA - BMF": {
        "Danceability": 0.0207,
        "Energy": 0.1717,
        "Mode": 0,
        "Speechiness": 0.0712,
        "Acousticness": 0.7361,
        "Liveness": 0.0261,
        "Valence": 2.1637526888491216e-11,
        "Tempo": 129.19921875,
        "Duration": 180837.0208333333,
        "Time Signature": 4
    },
    "Kendrick Lamar - tv off (feat. lefty gunplay)": {
        "Danceability": 0.0171,
        "Energy": 0.2408,
        "Mode": 0,
        "Speechiness": 0.103,
        "Acousticness": 0.6769,
        "Liveness": 0.0406,
        "Valence": 5.4479332005964926e-11,
        "Tempo": 99.38401442307692,
        "Duration": 220682.45833333334,
        "Time Signature": 4
    },
    "Pitbull - Give Me Everything (feat. Nayer)": {
        "Danceability": 0.0195,
        "Energy": 0.074,
        "Mode": 0,
        "Speechiness": 0.1252,
        "Acousticness": 0.5812,
        "Liveness": 0.0247,
        "Valence": 9.332743665736928e-11,
        "Tempo": 129.19921875,
        "Duration": 257335.1666666667,
        "Time Signature": 4
    },
    "Doechii - Persuasive (with SZA)": {
        "Danceability": 0.0058,
        "Energy": 0.1399,
        "Mode": 1,
        "Speechiness": 0.0894,
        "Acousticness": 0.7132,
        "Liveness": 0.028,
        "Valence": 9.034296563978405e-11,
        "Tempo": 60.09265988372093,
        "Duration": 210419.22916666666,
        "Time Signature": 4
    },
    "Mac Miller - Weekend (feat. Miguel)": {
        "Danceability": 0.0439,
        "Energy": 0.0971,
        "Mode": 0,
        "Speechiness": 0.0454,
        "Acousticness": 0.8588,
        "Liveness": 0.0067,
        "Valence": 6.999347249033783e-11,
        "Tempo": 123.046875,
        "Duration": 237911.66666666666,
        "Time Signature": 4
    },
    "PARTYNEXTDOOR - DIE TRYING": {
        "Danceability": 0.0545,
        "Energy": 0.1713,
        "Mode": 0,
        "Speechiness": 0.082,
        "Acousticness": 0.7439,
        "Liveness": 0.0407,
        "Valence": 2.0187016914892576e-11,
        "Tempo": 117.45383522727273,
        "Duration": 182810.70833333334,
        "Time Signature": 4
    },
    "Drake - Headlines": {
        "Danceability": 0.0314,
        "Energy": 0.0667,
        "Mode": 0,
        "Speechiness": 0.0879,
        "Acousticness": 0.698,
        "Liveness": 0.0158,
        "Valence": 1.414408557102441e-10,
        "Tempo": 151.99908088235293,
        "Duration": 243972.08333333334,
        "Time Signature": 4
    },
    "Baby Keem - 16": {
        "Danceability": 0.0182,
        "Energy": 0.2221,
        "Mode": 0,
        "Speechiness": 0.0764,
        "Acousticness": 0.6516,
        "Liveness": 0.0446,
        "Valence": 1.3858074190737537e-10,
        "Tempo": 95.703125,
        "Duration": 157547.3958333333,
        "Time Signature": 4
    },
    "Fetty Wap - 679 (feat. Remy Boyz)": {
        "Danceability": 0.0637,
        "Energy": 0.2011,
        "Mode": 0,
        "Speechiness": 0.1129,
        "Acousticness": 0.6411,
        "Liveness": 0.0383,
        "Valence": 2.758841057149887e-10,
        "Tempo": 95.703125,
        "Duration": 194490.35416666666,
        "Time Signature": 4
    },
    "SZA - Open Arms (feat. Travis Scott)": {
        "Danceability": 0.0561,
        "Energy": 0.0951,
        "Mode": 0,
        "Speechiness": 0.0696,
        "Acousticness": 0.696,
        "Liveness": 0.018,
        "Valence": 1.0979698530924783e-11,
        "Tempo": 151.99908088235293,
        "Duration": 241174.0625,
        "Time Signature": 4
    },
    "AJ Tracey - Crush (feat. Jorja Smith)": {
        "Danceability": 0.058,
        "Energy": 0.1835,
        "Mode": 0,
        "Speechiness": 0.1406,
        "Acousticness": 0.5873,
        "Liveness": 0.0506,
        "Valence": 1.140040349036887e-10,
        "Tempo": 95.703125,
        "Duration": 202257.41666666666,
        "Time Signature": 4
    },
    "Kendrick Lamar - Alright": {
        "Danceability": 0.0315,
        "Energy": 0.222,
        "Mode": 0,
        "Speechiness": 0.1028,